{
  "id": "263448f1-520f-401d-9173-1dcab56723d6",
  "generation": 5,
  "iteration": 230,
  "current_iteration": 230,
  "metrics": {
    "recall_at_10": 0.021833698839545442,
    "recall_at_20": 0.03477458591579266,
    "precision_at_10": 0.008035908833398482,
    "precision_at_20": 0.006560770471085507,
    "ndcg_at_10": 0.016821831246754997,
    "ndcg_at_20": 0.02106502022533726,
    "hit_rate_at_10": 0.07072819976467512,
    "hit_rate_at_20": 0.10715997733908572,
    "execution_time": 531.5867323875427,
    "combined_score": 0.024369146989747358,
    "error": null
  },
  "language": "python",
  "timestamp": 1751231153.646657,
  "saved_at": 1751231154.0071187
}