{
  "id": "36ae2e4f-c3b9-4238-ac7c-d2a9e85de2a0",
  "generation": 2,
  "iteration": 55,
  "current_iteration": 200,
  "metrics": {
    "recall_at_10": 0.09097320060427291,
    "recall_at_20": 0.13769585062301035,
    "precision_at_10": 0.033629668366238104,
    "precision_at_20": 0.025868305225084588,
    "ndcg_at_10": 0.07073176906398569,
    "ndcg_at_20": 0.08585514304124957,
    "hit_rate_at_10": 0.24757048851701746,
    "hit_rate_at_20": 0.33987013552969886,
    "execution_time": 410.02781438827515,
    "combined_score": 0.0975972468373432,
    "error": null
  },
  "language": "python",
  "timestamp": 1751181970.8109286,
  "saved_at": 1751223101.8369093
}