{
  "id": "8be3a8c9-e71f-4092-814d-a2faef81eef6",
  "generation": 2,
  "iteration": 9,
  "current_iteration": 40,
  "metrics": {
    "recall_at_10": 0.09055250548334833,
    "recall_at_20": 0.1365447873640433,
    "precision_at_10": 0.033559942476143564,
    "precision_at_20": 0.025709243038306497,
    "ndcg_at_10": 0.07043908461338148,
    "ndcg_at_20": 0.08538199018846564,
    "hit_rate_at_10": 0.2454351331328714,
    "hit_rate_at_20": 0.3379526735520983,
    "execution_time": 374.4893682003021,
    "combined_score": 0.09699757547301723,
    "error": null
  },
  "language": "python",
  "timestamp": 1751169798.1826088,
  "saved_at": 1751176769.2309263
}