{
  "id": "55136bbc-fe33-4691-8be7-bc65e7350786",
  "generation": 5,
  "iteration": 231,
  "current_iteration": 240,
  "metrics": {
    "recall_at_10": 0.02461683003232539,
    "recall_at_20": 0.039063052441552164,
    "precision_at_10": 0.009060007844162358,
    "precision_at_20": 0.007227524295114894,
    "ndcg_at_10": 0.01878898564342181,
    "ndcg_at_20": 0.02344878882490195,
    "hit_rate_at_10": 0.08001045888351419,
    "hit_rate_at_20": 0.12001568832527128,
    "execution_time": 439.8166091442108,
    "combined_score": 0.02737929867901965,
    "error": null
  },
  "language": "python",
  "timestamp": 1751231606.98327,
  "saved_at": 1751234908.5643406
}